{"cameraMode":{"drawMode":0,"name":"Shaded","section":"Shading Mode"},"sceneLighting":true,"audioPlay":false,"sceneViewState":{"m_AlwaysRefresh":false,"showFog":true,"showSkybox":true,"showFlares":true,"showImageEffects":true,"showParticleSystems":true,"showVisualEffectGraphs":true,"m_FxEnabled":true},"in2DMode":false,"pivot":{"x":141.12696838378907,"y":-171.2514190673828,"z":202.5727081298828},"rotation":{"x":0.34274592995643618,"y":0.002251699334010482,"z":-0.000847808551043272,"w":0.9395350217819214},"size":380.8833923339844,"orthographic":false}