{"cameraMode":{"drawMode":0,"name":"Shaded","section":"Shading Mode"},"sceneLighting":true,"audioPlay":false,"sceneViewState":{"m_AlwaysRefresh":false,"showFog":true,"showSkybox":true,"showFlares":true,"showImageEffects":true,"showParticleSystems":true,"showVisualEffectGraphs":true,"m_FxEnabled":true},"in2DMode":false,"pivot":{"x":2.2077784538269045,"y":-1.0323708057403565,"z":8.230411529541016},"rotation":{"x":0.21883635222911836,"y":0.04038570448756218,"z":-0.009080005809664727,"w":0.9749502539634705},"size":9.314567565917969,"orthographic":false}