{"cameraMode":{"drawMode":0,"name":"Shaded","section":"Shading Mode"},"sceneLighting":true,"audioPlay":false,"sceneViewState":{"m_AlwaysRefresh":false,"showFog":true,"showSkybox":true,"showFlares":true,"showImageEffects":true,"showParticleSystems":true,"showVisualEffectGraphs":true,"m_FxEnabled":true},"in2DMode":false,"pivot":{"x":-18.28390884399414,"y":-12.552696228027344,"z":35.280521392822269},"rotation":{"x":0.11485756188631058,"y":0.8018412590026856,"z":-0.16413147747516633,"w":0.5629684925079346},"size":23.289119720458986,"orthographic":false}